ticker,quarter,quarter_end,book_value
AGNC,Q2'21,2021-06-30,16.39
AGNC,Q3'21,2021-09-30,16.41
AGNC,Q4'21,2021-12-31,15.75
AGNC,Q1'22,2022-03-31,13.12
AGNC,Q2'22,2022-06-30,11.43
AGNC,Q3'22,2022-09-30,9.08
AGNC,Q4'22,2022-12-31,9.84
AGNC,Q1'23,2023-03-31,9.41
AGNC,Q2'23,2023-06-30,9.39
AGNC,Q3'23,2023-09-30,8.08
AGNC,Q4'23,2023-12-31,8.7
AGNC,Q1'24,2024-03-31,8.84
AGNC,Q2'24,2024-06-30,8.4
AGNC,Q3'24,2024-09-30,8.82
AGNC,Q4'24,2024-12-31,8.41
AGNC,Q1'25,2025-03-31,8.25
AGNC,Q2'25,2025-06-30,7.81
AGNC,Q3'25,2025-09-30,8.28
AGNC,Q4'25,2025-12-31,8.88
AGNC,Q1'26,2026-03-31,8.38
AGNC,Q2'26,2026-06-30,8.58
CIM,Q2'21,2021-06-30,34.35
CIM,Q3'21,2021-09-30,36.96
CIM,Q4'21,2021-12-31,35.52
CIM,Q1'22,2022-03-31,30.45
CIM,Q2'22,2022-06-30,26.46
CIM,Q3'22,2022-09-30,22.32
CIM,Q4'22,2022-12-31,22.47
CIM,Q1'23,2023-03-31,22.23
CIM,Q2'23,2023-06-30,21.87
CIM,Q3'23,2023-09-30,20.7
CIM,Q4'23,2023-12-31,20.25
CIM,Q1'24,2024-03-31,21.33
CIM,Q2'24,2024-06-30,21.27
CIM,Q3'24,2024-09-30,22.35
CIM,Q4'24,2024-12-31,19.72
CIM,Q1'25,2025-03-31,21.17
CIM,Q2'25,2025-06-30,20.91
CIM,Q3'25,2025-09-30,20.24
CIM,Q4'25,2025-12-31,19.7
CIM,Q1'26,2026-03-31,18.34
CIM,Q2'26,2026-06-30,17.75
EFC,Q2'21,2021-06-30,18.47
EFC,Q3'21,2021-09-30,18.35
EFC,Q4'21,2021-12-31,18.39
EFC,Q1'22,2022-03-31,17.74
EFC,Q2'22,2022-06-30,16.22
EFC,Q3'22,2022-09-30,15.22
EFC,Q4'22,2022-12-31,15.05
EFC,Q1'23,2023-03-31,15.1
EFC,Q2'23,2023-06-30,14.7
EFC,Q3'23,2023-09-30,14.33
EFC,Q4'23,2023-12-31,13.83
EFC,Q1'24,2024-03-31,13.69
EFC,Q2'24,2024-06-30,13.92
EFC,Q3'24,2024-09-30,13.66
EFC,Q4'24,2024-12-31,13.52
EFC,Q1'25,2025-03-31,13.44
EFC,Q2'25,2025-06-30,13.49
EFC,Q3'25,2025-09-30,13.4
EFC,Q4'25,2025-12-31,13.16
EFC,Q1'26,2026-03-31,13.56
EFC,Q2'26,2026-06-30,13.61
IVR,Q2'21,2021-06-30,32.1
IVR,Q3'21,2021-09-30,32.5
IVR,Q4'21,2021-12-31,29.1
IVR,Q1'22,2022-03-31,20.8
IVR,Q2'22,2022-06-30,16.16
IVR,Q3'22,2022-09-30,12.8
IVR,Q4'22,2022-12-31,12.79
IVR,Q1'23,2023-03-31,12.61
IVR,Q2'23,2023-06-30,11.98
IVR,Q3'23,2023-09-30,9.93
IVR,Q4'23,2023-12-31,10.0
IVR,Q1'24,2024-03-31,10.08
IVR,Q2'24,2024-06-30,9.27
IVR,Q3'24,2024-09-30,9.37
IVR,Q4'24,2024-12-31,8.92
IVR,Q1'25,2025-03-31,8.81
IVR,Q2'25,2025-06-30,8.05
IVR,Q3'25,2025-09-30,8.41
IVR,Q4'25,2025-12-31,8.72
IVR,Q1'26,2026-03-31,8.08
IVR,Q2'26,2026-06-30,8.03
MFA,Q2'21,2021-06-30,20.4
MFA,Q3'21,2021-09-30,21.0
MFA,Q4'21,2021-12-31,20.6
MFA,Q1'22,2022-03-31,18.81
MFA,Q2'22,2022-06-30,17.25
MFA,Q3'22,2022-09-30,15.82
MFA,Q4'22,2022-12-31,15.55
MFA,Q1'23,2023-03-31,16.02
MFA,Q2'23,2023-06-30,15.12
MFA,Q3'23,2023-09-30,13.84
MFA,Q4'23,2023-12-31,14.57
MFA,Q1'24,2024-03-31,14.32
MFA,Q2'24,2024-06-30,14.34
MFA,Q3'24,2024-09-30,14.46
MFA,Q4'24,2024-12-31,13.93
MFA,Q1'25,2025-03-31,13.84
MFA,Q2'25,2025-06-30,13.69
MFA,Q3'25,2025-09-30,13.69
MFA,Q4'25,2025-12-31,13.75
MFA,Q1'26,2026-03-31,13.22
MFA,Q2'26,2026-06-30,13.2
NLY,Q2'21,2021-06-30,33.48
NLY,Q3'21,2021-09-30,33.56
NLY,Q4'21,2021-12-31,31.88
NLY,Q1'22,2022-03-31,27.08
NLY,Q2'22,2022-06-30,23.6
NLY,Q3'22,2022-09-30,19.94
NLY,Q4'22,2022-12-31,20.79
NLY,Q1'23,2023-03-31,20.77
NLY,Q2'23,2023-06-30,20.73
NLY,Q3'23,2023-09-30,18.25
NLY,Q4'23,2023-12-31,19.44
NLY,Q1'24,2024-03-31,19.73
NLY,Q2'24,2024-06-30,19.25
NLY,Q3'24,2024-09-30,19.54
NLY,Q4'24,2024-12-31,19.15
NLY,Q1'25,2025-03-31,19.02
NLY,Q2'25,2025-06-30,18.45
NLY,Q3'25,2025-09-30,19.25
NLY,Q4'25,2025-12-31,20.21
NLY,Q1'26,2026-03-31,19.82
NLY,Q2'26,2026-06-30,20.15
RITM,Q2'21,2021-06-30,11.27
RITM,Q3'21,2021-09-30,11.35
RITM,Q4'21,2021-12-31,11.44
RITM,Q1'22,2022-03-31,12.56
RITM,Q2'22,2022-06-30,12.28
RITM,Q3'22,2022-09-30,12.1
RITM,Q4'22,2022-12-31,12.0
RITM,Q1'23,2023-03-31,11.67
RITM,Q2'23,2023-06-30,12.16
RITM,Q3'23,2023-09-30,12.32
RITM,Q4'23,2023-12-31,11.9
RITM,Q1'24,2024-03-31,12.19
RITM,Q2'24,2024-06-30,12.39
RITM,Q3'24,2024-09-30,12.31
RITM,Q4'24,2024-12-31,12.56
RITM,Q1'25,2025-03-31,12.39
RITM,Q2'25,2025-06-30,12.71
RITM,Q3'25,2025-09-30,12.83
RITM,Q4'25,2025-12-31,12.66
RITM,Q1'26,2026-03-31,12.51
RITM,Q2'26,2026-06-30,12.33
PMT,Q2'21,2021-06-30,20.77
PMT,Q3'21,2021-09-30,19.79
PMT,Q4'21,2021-12-31,19.05
PMT,Q1'22,2022-03-31,17.87
PMT,Q2'22,2022-06-30,16.59
PMT,Q3'22,2022-09-30,16.18
PMT,Q4'22,2022-12-31,15.78
PMT,Q1'23,2023-03-31,15.96
PMT,Q2'23,2023-06-30,15.81
PMT,Q3'23,2023-09-30,16.01
PMT,Q4'23,2023-12-31,16.13
PMT,Q1'24,2024-03-31,16.11
PMT,Q2'24,2024-06-30,15.89
PMT,Q3'24,2024-09-30,15.85
PMT,Q4'24,2024-12-31,15.87
PMT,Q1'25,2025-03-31,15.43
PMT,Q2'25,2025-06-30,15.0
PMT,Q3'25,2025-09-30,15.16
PMT,Q4'25,2025-12-31,15.25
PMT,Q1'26,2026-03-31,14.98
PMT,Q2'26,2026-06-30,14.83
DX,Q2'21,2021-06-30,18.75
DX,Q3'21,2021-09-30,18.42
DX,Q4'21,2021-12-31,17.99
DX,Q1'22,2022-03-31,18.24
DX,Q2'22,2022-06-30,16.79
DX,Q3'22,2022-09-30,14.23
DX,Q4'22,2022-12-31,14.73
DX,Q1'23,2023-03-31,13.8
DX,Q2'23,2023-06-30,14.2
DX,Q3'23,2023-09-30,12.25
DX,Q4'23,2023-12-31,13.31
DX,Q1'24,2024-03-31,13.2
DX,Q2'24,2024-06-30,12.5
DX,Q3'24,2024-09-30,13.0
DX,Q4'24,2024-12-31,12.7
DX,Q1'25,2025-03-31,12.56
DX,Q2'25,2025-06-30,11.95
DX,Q3'25,2025-09-30,12.67
DX,Q4'25,2025-12-31,13.45
DX,Q1'26,2026-03-31,12.6
DX,Q2'26,2026-06-30,12.9
ORC,Q3'21,2021-09-30,23.85
ORC,Q4'21,2021-12-31,21.7
ORC,Q1'22,2022-03-31,16.7
ORC,Q2'22,2022-06-30,14.35
ORC,Q3'22,2022-09-30,11.42
ORC,Q4'22,2022-12-31,11.93
ORC,Q1'23,2023-03-31,11.55
ORC,Q2'23,2023-06-30,11.16
ORC,Q3'23,2023-09-30,8.92
ORC,Q4'23,2023-12-31,9.1
ORC,Q1'24,2024-03-31,9.12
ORC,Q2'24,2024-06-30,8.58
ORC,Q3'24,2024-09-30,8.4
ORC,Q4'24,2024-12-31,8.09
ORC,Q1'25,2025-03-31,7.94
ORC,Q2'25,2025-06-30,7.21
ORC,Q3'25,2025-09-30,7.33
ORC,Q4'25,2025-12-31,7.54
ORC,Q1'26,2026-03-31,7.08
ORC,Q2'26,2026-06-30,7.22
ARR,Q2'21,2021-06-30,56.4
ARR,Q3'21,2021-09-30,55.45
ARR,Q4'21,2021-12-31,51.65
ARR,Q1'22,2022-03-31,42.4
ARR,Q2'22,2022-06-30,36.25
ARR,Q3'22,2022-09-30,29.15
ARR,Q4'22,2022-12-31,28.9
ARR,Q1'23,2023-03-31,27.2
ARR,Q2'23,2023-06-30,26.9
ARR,Q3'23,2023-09-30,21.73
ARR,Q4'23,2023-12-31,22.54
ARR,Q1'24,2024-03-31,22.07
ARR,Q2'24,2024-06-30,20.3
ARR,Q3'24,2024-09-30,20.76
ARR,Q4'24,2024-12-31,19.07
ARR,Q1'25,2025-03-31,18.59
ARR,Q2'25,2025-06-30,16.9
ARR,Q3'25,2025-09-30,17.49
ARR,Q4'25,2025-12-31,18.63
ARR,Q1'26,2026-03-31,17.42
ARR,Q2'26,2026-06-30,17.53
ADAM,Q3'22,2022-09-30,16.68
ADAM,Q4'22,2022-12-31,15.88
ADAM,Q1'23,2023-03-31,15.41
ADAM,Q2'23,2023-06-30,14.32
ADAM,Q3'23,2023-09-30,12.93
ADAM,Q4'23,2023-12-31,12.66
ADAM,Q1'24,2024-03-31,11.51
ADAM,Q2'24,2024-06-30,11.02
ADAM,Q3'24,2024-09-30,10.87
ADAM,Q4'24,2024-12-31,10.35
ADAM,Q1'25,2025-03-31,10.43
ADAM,Q2'25,2025-06-30,10.26
ADAM,Q3'25,2025-09-30,10.38
ADAM,Q4'25,2025-12-31,10.63
ADAM,Q1'26,2026-03-31,10.8
ADAM,Q2'26,2026-06-30,11.05
PFSI,Q2'21,2021-06-30,54.49
PFSI,Q3'21,2021-09-30,58.0
PFSI,Q4'21,2021-12-31,60.11
PFSI,Q1'22,2022-03-31,62.19
PFSI,Q2'22,2022-06-30,65.38
PFSI,Q3'22,2022-09-30,68.26
PFSI,Q4'22,2022-12-31,69.44
PFSI,Q1'23,2023-03-31,68.91
PFSI,Q2'23,2023-06-30,69.77
PFSI,Q3'23,2023-09-30,71.56
PFSI,Q4'23,2023-12-31,70.52
PFSI,Q1'24,2024-03-31,70.13
PFSI,Q2'24,2024-06-30,71.76
PFSI,Q3'24,2024-09-30,72.95
PFSI,Q4'24,2024-12-31,74.54
PFSI,Q1'25,2025-03-31,75.57
PFSI,Q2'25,2025-06-30,78.04
PFSI,Q3'25,2025-09-30,81.12
PFSI,Q4'25,2025-12-31,82.77
PFSI,Q1'26,2026-03-31,83.31
PFSI,Q2'26,2026-06-30,83.49
RWT,Q2'21,2021-06-30,11.46
RWT,Q3'21,2021-09-30,12.0
RWT,Q4'21,2021-12-31,12.06
RWT,Q1'22,2022-03-31,12.01
RWT,Q2'22,2022-06-30,10.78
RWT,Q3'22,2022-09-30,10.18
RWT,Q4'22,2022-12-31,9.55
RWT,Q1'23,2023-03-31,9.4
RWT,Q2'23,2023-06-30,9.26
RWT,Q3'23,2023-09-30,8.77
RWT,Q4'23,2023-12-31,8.64
RWT,Q1'24,2024-03-31,8.78
RWT,Q2'24,2024-06-30,8.73
RWT,Q3'24,2024-09-30,8.74
RWT,Q4'24,2024-12-31,8.46
RWT,Q1'25,2025-03-31,8.39
RWT,Q2'25,2025-06-30,7.49
RWT,Q3'25,2025-09-30,7.35
RWT,Q4'25,2025-12-31,7.36
RWT,Q1'26,2026-03-31,7.12
RWT,Q2'26,2026-06-30,6.9
