ticker,quarter,quarter_end,ecn_return
AGNC,Q2'21,2021-06-30,-0.055
AGNC,Q3'21,2021-09-30,0.023
AGNC,Q4'21,2021-12-31,-0.018
AGNC,Q1'22,2022-03-31,-0.144127
AGNC,Q2'22,2022-06-30,-0.101372
AGNC,Q3'22,2022-09-30,-0.174103
AGNC,Q4'22,2022-12-31,0.123348
AGNC,Q1'23,2023-03-31,-0.007114
AGNC,Q2'23,2023-06-30,0.036132
AGNC,Q3'23,2023-09-30,-0.101171
AGNC,Q4'23,2023-12-31,0.121287
AGNC,Q1'24,2024-03-31,0.057471
AGNC,Q2'24,2024-06-30,-0.00905
AGNC,Q3'24,2024-09-30,0.092857
AGNC,Q4'24,2024-12-31,-0.005669
AGNC,Q1'25,2025-03-31,0.023781
AGNC,Q2'25,2025-06-30,-0.009697
AGNC,Q3'25,2025-09-30,0.106274
AGNC,Q4'25,2025-12-31,0.115942
AGNC,Q1'26,2026-03-31,-0.015766
AGNC,Q2'26,2026-06-30,0.066826
CIM,Q2'21,2021-06-30,0.029
CIM,Q3'21,2021-09-30,0.105
CIM,Q4'21,2021-12-31,-0.012175
CIM,Q1'22,2022-03-31,-0.114865
CIM,Q2'22,2022-06-30,-0.098522
CIM,Q3'22,2022-09-30,-0.130385
CIM,Q4'22,2022-12-31,0.037634
CIM,Q1'23,2023-03-31,0.020027
CIM,Q2'23,2023-06-30,0.008097
CIM,Q3'23,2023-09-30,-0.028807
CIM,Q4'23,2023-12-31,-0.005797
CIM,Q1'24,2024-03-31,0.06963
CIM,Q2'24,2024-06-30,0.013596
CIM,Q3'24,2024-09-30,0.068171
CIM,Q4'24,2024-12-31,-0.101119
CIM,Q1'25,2025-03-31,0.092292
CIM,Q2'25,2025-06-30,0.005196
CIM,Q3'25,2025-09-30,-0.014347
CIM,Q4'25,2025-12-31,-0.008399
CIM,Q1'26,2026-03-31,-0.046193
CIM,Q2'26,2026-06-30,-0.007634
EFC,Q2'21,2021-06-30,0.042
EFC,Q3'21,2021-09-30,0.018
EFC,Q4'21,2021-12-31,0.026703
EFC,Q1'22,2022-03-31,-0.010875
EFC,Q2'22,2022-06-30,-0.060316
EFC,Q3'22,2022-09-30,-0.033909
EFC,Q4'22,2022-12-31,0.018397
EFC,Q1'23,2023-03-31,0.033223
EFC,Q2'23,2023-06-30,0.003311
EFC,Q3'23,2023-09-30,0.005442
EFC,Q4'23,2023-12-31,-0.003489
EFC,Q1'24,2024-03-31,0.020969
EFC,Q2'24,2024-06-30,0.045289
EFC,Q3'24,2024-09-30,0.009339
EFC,Q4'24,2024-12-31,0.018302
EFC,Q1'25,2025-03-31,0.022929
EFC,Q2'25,2025-06-30,0.032738
EFC,Q3'25,2025-09-30,0.022239
EFC,Q4'25,2025-12-31,0.011194
EFC,Q1'26,2026-03-31,0.06003
EFC,Q2'26,2026-06-30,0.032448
IVR,Q2'21,2021-06-30,-0.096
IVR,Q3'21,2021-09-30,0.04
IVR,Q4'21,2021-12-31,-0.076923
IVR,Q1'22,2022-03-31,-0.254296
IVR,Q2'22,2022-06-30,-0.179808
IVR,Q3'22,2022-09-30,-0.167698
IVR,Q4'22,2022-12-31,0.05
IVR,Q1'23,2023-03-31,0.017201
IVR,Q2'23,2023-06-30,-0.018239
IVR,Q3'23,2023-09-30,-0.13773
IVR,Q4'23,2023-12-31,0.047331
IVR,Q1'24,2024-03-31,0.048
IVR,Q2'24,2024-06-30,-0.040675
IVR,Q3'24,2024-09-30,0.053937
IVR,Q4'24,2024-12-31,-0.005336
IVR,Q1'25,2025-03-31,0.025785
IVR,Q2'25,2025-06-30,-0.047673
IVR,Q3'25,2025-09-30,0.087
IVR,Q4'25,2025-12-31,0.079667
IVR,Q1'26,2026-03-31,-0.03211
IVR,Q2'26,2026-06-30,0.038366
MFA,Q2'21,2021-06-30,0.0255
MFA,Q3'21,2021-09-30,0.048828
MFA,Q4'21,2021-12-31,0.001905
MFA,Q1'22,2022-03-31,-0.065534
MFA,Q2'22,2022-06-30,-0.059543
MFA,Q3'22,2022-09-30,-0.057391
MFA,Q4'22,2022-12-31,0.005057
MFA,Q1'23,2023-03-31,0.052733
MFA,Q2'23,2023-06-30,-0.034332
MFA,Q3'23,2023-09-30,-0.061508
MFA,Q4'23,2023-12-31,0.078035
MFA,Q1'24,2024-03-31,0.006863
MFA,Q2'24,2024-06-30,0.025838
MFA,Q3'24,2024-09-30,0.032775
MFA,Q4'24,2024-12-31,-0.012448
MFA,Q1'25,2025-03-31,0.019383
MFA,Q2'25,2025-06-30,0.015173
MFA,Q3'25,2025-09-30,0.026297
MFA,Q4'25,2025-12-31,0.030679
MFA,Q1'26,2026-03-31,-0.012364
MFA,Q2'26,2026-06-30,0.025719
NLY,Q2'21,2021-06-30,-0.04
NLY,Q3'21,2021-09-30,0.029
NLY,Q4'21,2021-12-31,-0.023838
NLY,Q1'22,2022-03-31,-0.122961
NLY,Q2'22,2022-06-30,-0.096012
NLY,Q3'22,2022-09-30,-0.117797
NLY,Q4'22,2022-12-31,0.08676
NLY,Q1'23,2023-03-31,0.030303
NLY,Q2'23,2023-06-30,0.029369
NLY,Q3'23,2023-09-30,-0.088278
NLY,Q4'23,2023-12-31,0.100822
NLY,Q1'24,2024-03-31,0.048354
NLY,Q2'24,2024-06-30,0.008616
NLY,Q3'24,2024-09-30,0.048831
NLY,Q4'24,2024-12-31,0.013306
NLY,Q1'25,2025-03-31,0.029765
NLY,Q2'25,2025-06-30,0.006835
NLY,Q3'25,2025-09-30,0.081301
NLY,Q4'25,2025-12-31,0.086234
NLY,Q1'26,2026-03-31,0.015339
NLY,Q2'26,2026-06-30,0.05449
RITM,Q2'21,2021-06-30,0.011
RITM,Q3'21,2021-09-30,0.029
RITM,Q4'21,2021-12-31,0.029956
RITM,Q1'22,2022-03-31,0.119755
RITM,Q2'22,2022-06-30,-0.002389
RITM,Q3'22,2022-09-30,0.0057
RITM,Q4'22,2022-12-31,0.012397
RITM,Q1'23,2023-03-31,-0.006667
RITM,Q2'23,2023-06-30,0.06341
RITM,Q3'23,2023-09-30,0.033717
RITM,Q4'23,2023-12-31,-0.013799
RITM,Q1'24,2024-03-31,0.045378
RITM,Q2'24,2024-06-30,0.036916
RITM,Q3'24,2024-09-30,0.013721
RITM,Q4'24,2024-12-31,0.040617
RITM,Q1'25,2025-03-31,0.006369
RITM,Q2'25,2025-06-30,0.046005
RITM,Q3'25,2025-09-30,0.029111
RITM,Q4'25,2025-12-31,0.006235
RITM,Q1'26,2026-03-31,0.007899
RITM,Q2'26,2026-06-30,0.005596
PMT,Q2'21,2021-06-30,0.016
PMT,Q3'21,2021-09-30,-0.024555
PMT,Q4'21,2021-12-31,-0.013643
PMT,Q1'22,2022-03-31,-0.03727
PMT,Q2'22,2022-06-30,-0.045327
PMT,Q3'22,2022-09-30,0.003617
PMT,Q4'22,2022-12-31,0.0
PMT,Q1'23,2023-03-31,0.036755
PMT,Q2'23,2023-06-30,0.015664
PMT,Q3'23,2023-09-30,0.037951
PMT,Q4'23,2023-12-31,0.03248
PMT,Q1'24,2024-03-31,0.023559
PMT,Q2'24,2024-06-30,0.011173
PMT,Q3'24,2024-09-30,0.022656
PMT,Q4'24,2024-12-31,0.026498
PMT,Q1'25,2025-03-31,-0.00252
PMT,Q2'25,2025-06-30,-0.001944
PMT,Q3'25,2025-09-30,0.037333
PMT,Q4'25,2025-12-31,0.032322
PMT,Q1'26,2026-03-31,0.008525
PMT,Q2'26,2026-06-30,0.016689
DX,Q2'21,2021-06-30,-0.046338
DX,Q3'21,2021-09-30,0.0032
DX,Q4'21,2021-12-31,-0.002172
DX,Q1'22,2022-03-31,0.035575
DX,Q2'22,2022-06-30,-0.058114
DX,Q3'22,2022-09-30,-0.129244
DX,Q4'22,2022-12-31,0.062544
DX,Q1'23,2023-03-31,-0.03666
DX,Q2'23,2023-06-30,0.057246
DX,Q3'23,2023-09-30,-0.109859
DX,Q4'23,2023-12-31,0.118367
DX,Q1'24,2024-03-31,0.021037
DX,Q2'24,2024-06-30,-0.023485
DX,Q3'24,2024-09-30,0.0712
DX,Q4'24,2024-12-31,0.01
DX,Q1'25,2025-03-31,0.025984
DX,Q2'25,2025-06-30,-0.008
DX,Q3'25,2025-09-30,0.102929
DX,Q4'25,2025-12-31,0.101815
DX,Q1'26,2026-03-31,-0.025279
DX,Q2'26,2026-06-30,0.064286
ORC,Q2'21,2021-06-30,-0.007
ORC,Q3'21,2021-09-30,0.0541
ORC,Q4'21,2021-12-31,-0.049266
ORC,Q1'22,2022-03-31,-0.1947
ORC,Q2'22,2022-06-30,-0.100299
ORC,Q3'22,2022-09-30,-0.166202
ORC,Q4'22,2022-12-31,0.08669
ORC,Q1'23,2023-03-31,0.008382
ORC,Q2'23,2023-06-30,0.007792
ORC,Q3'23,2023-09-30,-0.157706
ORC,Q4'23,2023-12-31,0.060538
ORC,Q1'24,2024-03-31,0.041758
ORC,Q2'24,2024-06-30,-0.019737
ORC,Q3'24,2024-09-30,0.020979
ORC,Q4'24,2024-12-31,0.005952
ORC,Q1'25,2025-03-31,0.025958
ORC,Q2'25,2025-06-30,-0.046599
ORC,Q3'25,2025-09-30,0.066574
ORC,Q4'25,2025-12-31,0.077763
ORC,Q1'26,2026-03-31,-0.013263
ORC,Q2'26,2026-06-30,0.062147
ARR,Q2'21,2021-06-30,-0.066129
ARR,Q3'21,2021-09-30,0.009752
ARR,Q4'21,2021-12-31,-0.041479
ARR,Q1'22,2022-03-31,-0.150048
ARR,Q2'22,2022-06-30,-0.10967
ARR,Q3'22,2022-09-30,-0.154483
ARR,Q4'22,2022-12-31,0.042882
ARR,Q1'23,2023-03-31,-0.010381
ARR,Q2'23,2023-06-30,0.033088
ARR,Q3'23,2023-09-30,-0.147584
ARR,Q4'23,2023-12-31,0.092499
ARR,Q1'24,2024-03-31,0.011091
ARR,Q2'24,2024-06-30,-0.047576
ARR,Q3'24,2024-09-30,0.058128
ARR,Q4'24,2024-12-31,-0.046724
ARR,Q1'25,2025-03-31,0.012585
ARR,Q2'25,2025-06-30,-0.052179
ARR,Q3'25,2025-09-30,0.077515
ARR,Q4'25,2025-12-31,0.106346
ARR,Q1'26,2026-03-31,-0.026302
ARR,Q2'26,2026-06-30,0.047646
ADAM,Q1'22,2022-03-31,-0.017
ADAM,Q2'22,2022-06-30,-0.004
ADAM,Q3'22,2022-09-30,-0.034
ADAM,Q4'22,2022-12-31,-0.024
ADAM,Q1'23,2023-03-31,-0.004408
ADAM,Q2'23,2023-06-30,-0.051265
ADAM,Q3'23,2023-09-30,-0.076117
ADAM,Q4'23,2023-12-31,-0.005414
ADAM,Q1'24,2024-03-31,-0.075039
ADAM,Q2'24,2024-06-30,-0.025195
ADAM,Q3'24,2024-09-30,0.004537
ADAM,Q4'24,2024-12-31,-0.029439
ADAM,Q1'25,2025-03-31,0.027053
ADAM,Q2'25,2025-06-30,0.002876
ADAM,Q3'25,2025-09-30,0.034113
ADAM,Q4'25,2025-12-31,0.046243
ADAM,Q1'26,2026-03-31,0.037629
ADAM,Q2'26,2026-06-30,0.048148
PFSI,Q2'21,2021-06-30,0.05
PFSI,Q3'21,2021-09-30,0.068086
PFSI,Q4'21,2021-12-31,0.039828
PFSI,Q1'22,2022-03-31,0.03793
PFSI,Q2'22,2022-06-30,0.05451
PFSI,Q3'22,2022-09-30,0.047109
PFSI,Q4'22,2022-12-31,0.020217
PFSI,Q1'23,2023-03-31,-0.004752
PFSI,Q2'23,2023-06-30,0.015382
PFSI,Q3'23,2023-09-30,0.028522
PFSI,Q4'23,2023-12-31,-0.011738
PFSI,Q1'24,2024-03-31,-0.002694
PFSI,Q2'24,2024-06-30,0.026094
PFSI,Q3'24,2024-09-30,0.020764
PFSI,Q4'24,2024-12-31,0.025908
PFSI,Q1'25,2025-03-31,0.017843
PFSI,Q2'25,2025-06-30,0.036655
PFSI,Q3'25,2025-09-30,0.043311
PFSI,Q4'25,2025-12-31,0.024038
PFSI,Q1'26,2026-03-31,0.010149
PFSI,Q2'26,2026-06-30,0.005762
RWT,Q2'21,2021-06-30,0.082
RWT,Q3'21,2021-09-30,0.065
RWT,Q4'21,2021-12-31,0.024167
RWT,Q1'22,2022-03-31,0.014925
RWT,Q2'22,2022-06-30,-0.083264
RWT,Q3'22,2022-09-30,-0.034323
RWT,Q4'22,2022-12-31,-0.039293
RWT,Q1'23,2023-03-31,0.008377
RWT,Q2'23,2023-06-30,0.002128
RWT,Q3'23,2023-09-30,-0.035637
RWT,Q4'23,2023-12-31,0.003421
RWT,Q1'24,2024-03-31,0.034722
RWT,Q2'24,2024-06-30,0.012528
RWT,Q3'24,2024-09-30,0.020619
RWT,Q4'24,2024-12-31,-0.011442
RWT,Q1'25,2025-03-31,0.013002
RWT,Q2'25,2025-06-30,-0.085816
RWT,Q3'25,2025-09-30,0.00534
RWT,Q4'25,2025-12-31,0.02585
RWT,Q1'26,2026-03-31,-0.008152
RWT,Q2'26,2026-06-30,-0.005618
