ticker,as_of_quarter,return_1y,return_2y,return_3y,return_4y
AGNC,Q2'26,0.296273,0.326552,0.464878,0.21261
CIM,Q2'26,-0.07489,-0.003863,0.037136,-0.139456
EFC,Q2'26,0.131289,0.243628,0.276374,0.219239
IVR,Q2'26,0.179495,0.11595,0.036906,-0.243982
MFA,Q2'26,0.071573,0.131138,0.112698,0.043654
NLY,Q2'26,0.257545,0.325408,0.435516,0.281853
RITM,Q2'26,0.049547,0.201774,0.36196,0.374169
PMT,Q2'26,0.098014,0.14128,0.27149,0.263024
DX,Q2'26,0.260651,0.273679,0.36874,0.149059
ORC,Q2'26,0.20476,0.117012,0.047576,-0.138857
ARR,Q2'26,0.216056,0.070247,0.041081,-0.191162
ADAM,Q2'26,0.176699,0.098979,-0.113831,-0.171516
PFSI,Q2'26,0.085452,0.223633,0.25949,0.412086
RWT,Q2'26,0.017175,-0.032259,-0.028977,-0.16724
